[
  {
    "id": "1",
    "pseudo": "Développeur 1",
    "discord_id": "YOUR_DISCORD_ID_1",
    "title": "Founder",
    "avatar_url": "https://via.placeholder.com/140?text=Dev1",
    "banner_url": "https://via.placeholder.com/300x260?text=Banner1",
    "badges": [
      {
        "text": "Créateur",
        "icon": "assets/creator.svg"
      }
    ]
  },
  {
    "id": "2",
    "pseudo": "Développeur 2",
    "discord_id": "YOUR_DISCORD_ID_2",
    "title": "Developer",
    "avatar_url": "https://via.placeholder.com/140?text=Dev2",
    "banner_url": "https://via.placeholder.com/300x260?text=Banner2",
    "badges": [
      {
        "text": "Admin",
        "icon": "assets/admin.svg"
      }
    ]
  }
]
